{"cameraMode":{"drawMode":0,"name":"Shaded","section":"Shading Mode"},"sceneLighting":true,"audioPlay":false,"sceneViewState":{"showFog":true,"showMaterialUpdate":false,"showSkybox":true,"showFlares":true,"showImageEffects":true,"showParticleSystems":true},"in2DMode":false,"pivot":{"x":-10.539543151855469,"y":-48.64291763305664,"z":-160.94976806640626},"rotation":{"x":-0.03276480734348297,"y":0.9332166910171509,"z":-0.34680673480033877,"w":-0.08817023783922196},"size":40.87948226928711,"orthographic":false}